week,away_team,home_team,winner,opener_away_spread,closing_spread,spread_movement,clv_away,opener_total_line,closing_total,total_movement,ml_movement,polymarket_away_open,pm_final_pre,pm_movement,ats_away_cover,ats_push,over_hit,move_bucket,total_move_bucket,both_sharp_away,both_sharp_home,signals_disagree,rlm_home,rlm_away
1,Dallas Cowboys,Philadelphia Eagles,Philadelphia Eagles,7.0,7.928571428571429,0.9285714285714288,-0.9285714285714288,46.0,47.5,1.5,0.8785714285714286,0.24,0.205,-0.035,True,False,False,Slight home <1pt,Up >1 (sharp over),False,False,False,False,False
1,Kansas City Chiefs,Los Angeles Chargers,Los Angeles Chargers,-3.0,-1.2142857142857142,1.7857142857142858,-1.7857142857142858,45.0,47.5,2.5,0.35621460705494323,0.605,0.605,0.0,False,False,True,Sharp home 1-3pt,Up >1 (sharp over),False,False,False,True,False
1,Carolina Panthers,Jacksonville Jaguars,Jacksonville Jaguars,3.0,4.785714285714286,1.7857142857142856,-1.7857142857142856,46.0,45.214285714285715,-0.7857142857142847,0.592857142857143,0.395,0.355,-0.040000000000000036,False,False,False,Sharp home 1-3pt,Down 0-1,False,False,False,False,False
1,Pittsburgh Steelers,New York Jets,Pittsburgh Steelers,-3.0,-2.642857142857143,0.3571428571428572,-0.3571428571428572,38.5,38.285714285714285,-0.2142857142857153,0.0341871436969261,0.58,0.585,0.0050000000000000044,False,False,True,Slight home <1pt,Down 0-1,False,False,False,False,False
1,Cincinnati Bengals,Cleveland Browns,Cincinnati Bengals,-5.5,-4.642857142857143,0.8571428571428568,-0.8571428571428568,46.5,47.42857142857143,0.9285714285714306,0.06914167186549336,0.695,0.675,-0.019999999999999907,False,False,False,Slight home <1pt,Up 0-1,False,False,False,False,False
1,Miami Dolphins,Indianapolis Colts,Indianapolis Colts,2.0,1.2142857142857142,-0.7857142857142858,0.7857142857142858,47.0,46.92857142857143,-0.0714285714285694,-0.08394557823129256,0.475,0.505,0.030000000000000027,False,False,False,Slight away <1pt,Down 0-1,False,False,False,False,False
1,Arizona Cardinals,New Orleans Saints,Arizona Cardinals,-6.0,-5.071428571428571,0.9285714285714288,-0.9285714285714288,42.5,44.42857142857143,1.9285714285714306,0.06238523381380534,0.725,0.72,-0.0050000000000000044,True,False,False,Slight home <1pt,Up >1 (sharp over),False,False,False,False,False
1,Tampa Bay Buccaneers,Atlanta Falcons,Tampa Bay Buccaneers,-1.5,0.8333333333333334,2.3333333333333335,-2.3333333333333335,48.5,47.5,-1.0,0.46383399209486176,0.55,0.515,-0.03500000000000003,True,False,False,Sharp home 1-3pt,Down >1 (sharp under),False,False,False,True,False
1,New York Giants,Washington Commanders,Washington Commanders,6.5,5.785714285714286,-0.7142857142857144,0.7142857142857144,45.5,45.42857142857143,-0.0714285714285694,-0.014285714285713791,0.285,0.285,0.0,False,False,False,Slight away <1pt,Down 0-1,False,False,False,False,False
1,Las Vegas Raiders,New England Patriots,Las Vegas Raiders,3.0,1.0714285714285714,-1.9285714285714286,1.9285714285714286,42.5,43.857142857142854,1.357142857142854,-0.18736263736263714,0.415,0.44,0.025000000000000022,True,False,False,Sharp away 1-3pt,Up >1 (sharp over),False,False,False,False,True
1,Tennessee Titans,Denver Broncos,Denver Broncos,7.5,8.428571428571429,0.9285714285714288,-0.9285714285714288,41.5,42.42857142857143,0.9285714285714306,0.4214285714285717,0.23,0.215,-0.015000000000000013,False,False,False,Slight home <1pt,Up 0-1,False,False,False,False,False
1,San Francisco 49ers,Seattle Seahawks,San Francisco 49ers,-2.5,-2.5,0.0,-0.0,45.0,43.5,-1.5,-0.02335310192453055,0.565,0.525,-0.039999999999999925,True,False,False,Slight away <1pt,Down >1 (sharp under),False,False,False,False,False
1,Houston Texans,Los Angeles Rams,Los Angeles Rams,2.5,3.357142857142857,0.8571428571428572,-0.8571428571428572,44.5,43.0,-1.5,0.2928571428571427,0.415,0.395,-0.019999999999999962,False,False,False,Slight home <1pt,Down >1 (sharp under),False,False,False,False,False
1,Detroit Lions,Green Bay Packers,Detroit Lions,1.5,3.0,1.5,-1.5,49.5,48.357142857142854,-1.142857142857146,0.500340136054422,0.44,0.46,0.020000000000000018,True,False,False,Sharp home 1-3pt,Down >1 (sharp under),False,False,False,False,False
1,Baltimore Ravens,Buffalo Bills,Buffalo Bills,1.0,0.0,-1.0,1.0,52.0,51.5,-0.5,0.026190476190476097,0.505,0.525,0.020000000000000018,False,True,True,Sharp away 1-3pt,Down 0-1,False,False,False,False,False
1,Minnesota Vikings,Chicago Bears,Minnesota Vikings,-1.5,3.3333333333333335,4.833333333333334,-4.833333333333334,43.0,43.42857142857143,0.4285714285714306,0.37594548308834064,0.525,0.52,-0.0050000000000000044,True,False,True,Sharp home >3pt,Up 0-1,False,False,False,True,False
2,Washington Commanders,Green Bay Packers,Green Bay Packers,2.5,3.357142857142857,0.8571428571428572,-0.8571428571428572,48.5,48.07142857142857,-0.4285714285714306,0.1642857142857146,0.395,0.375,-0.020000000000000018,False,False,False,Slight home <1pt,Down 0-1,False,False,False,False,False
2,Buffalo Bills,New York Jets,Buffalo Bills,-8.5,-9.214285714285714,-0.7142857142857135,0.7142857142857135,44.5,46.642857142857146,2.142857142857146,-0.0029999628012515878,0.775,0.735,-0.040000000000000036,True,False,False,Slight away <1pt,Up >1 (sharp over),False,False,False,False,False
2,Chicago Bears,Detroit Lions,Detroit Lions,4.5,6.357142857142857,1.8571428571428568,-1.8571428571428568,48.5,45.92857142857143,-2.5714285714285694,0.33999999999999986,0.31,0.275,-0.034999999999999976,False,False,True,Sharp home 1-3pt,Down >1 (sharp under),False,False,False,False,False
2,Cleveland Browns,Baltimore Ravens,Baltimore Ravens,12.5,14.214285714285714,1.7142857142857135,-1.7142857142857135,44.5,44.92857142857143,0.4285714285714306,2.6071428571428577,0.125,0.12,-0.0050000000000000044,False,False,True,Sharp home 1-3pt,Up 0-1,False,False,False,False,False
2,Jacksonville Jaguars,Cincinnati Bengals,Cincinnati Bengals,5.5,3.5,-2.0,2.0,49.5,49.92857142857143,0.4285714285714306,-0.36857142857142877,0.31,0.37,0.06,True,False,True,Sharp away 1-3pt,Up 0-1,True,False,False,False,True
2,New England Patriots,Miami Dolphins,New England Patriots,2.5,2.5,0.0,-0.0,45.5,42.714285714285715,-2.7857142857142847,-0.12714285714285722,0.41,0.455,0.04500000000000004,True,False,True,Slight away <1pt,Down >1 (sharp under),False,False,False,False,False
2,New York Giants,Dallas Cowboys,Dallas Cowboys,3.0,4.928571428571429,1.9285714285714288,-1.9285714285714288,44.5,43.92857142857143,-0.5714285714285694,0.44285714285714306,0.37,0.305,-0.065,False,True,True,Sharp home 1-3pt,Down 0-1,False,True,False,False,False
2,Los Angeles Rams,Tennessee Titans,Los Angeles Rams,-5.5,-5.785714285714286,-0.2857142857142856,0.2857142857142856,45.5,40.785714285714285,-4.714285714285715,-0.0371925848014385,0.69,0.7,0.010000000000000009,True,False,True,Slight away <1pt,Down >1 (sharp under),False,False,False,False,False
2,Seattle Seahawks,Pittsburgh Steelers,Seattle Seahawks,2.5,2.2142857142857144,-0.2857142857142856,0.2857142857142856,40.5,41.785714285714285,1.2857142857142847,0.1932712215320911,0.43,0.39,-0.03999999999999998,True,False,True,Slight away <1pt,Up >1 (sharp over),False,False,False,False,False
2,San Francisco 49ers,New Orleans Saints,San Francisco 49ers,-7.0,-2.7857142857142856,4.214285714285714,-4.214285714285714,44.5,40.642857142857146,-3.857142857142854,0.28707106347133005,0.755,0.605,-0.15000000000000002,False,False,True,Sharp home >3pt,Down >1 (sharp under),False,True,False,True,False
2,Carolina Panthers,Arizona Cardinals,Arizona Cardinals,4.5,8.785714285714286,4.2857142857142865,-4.2857142857142865,46.5,46.92857142857143,0.4285714285714306,1.4785714285714286,0.32,0.255,-0.065,False,False,True,Sharp home >3pt,Up 0-1,False,True,False,False,False
2,Denver Broncos,Indianapolis Colts,Indianapolis Colts,-3.5,-2.357142857142857,1.1428571428571428,-1.1428571428571428,44.5,45.214285714285715,0.7142857142857153,0.13018144646051621,0.61,0.535,-0.07499999999999996,False,False,True,Sharp home 1-3pt,Up 0-1,False,True,False,True,False
2,Philadelphia Eagles,Kansas City Chiefs,Philadelphia Eagles,1.5,-0.35714285714285715,-1.8571428571428572,1.8571428571428572,45.5,45.642857142857146,0.1428571428571459,-0.1014285714285712,0.49,0.52,0.030000000000000027,True,False,False,Sharp away 1-3pt,Up 0-1,False,False,False,False,True
2,Atlanta Falcons,Minnesota Vikings,Atlanta Falcons,4.5,2.9285714285714284,-1.5714285714285716,1.5714285714285716,42.5,45.07142857142857,2.5714285714285694,-0.4585714285714282,0.33,0.385,0.05499999999999999,True,False,False,Sharp away 1-3pt,Up >1 (sharp over),True,False,False,False,True
2,Tampa Bay Buccaneers,Houston Texans,Tampa Bay Buccaneers,1.5,2.5,1.0,-1.0,46.5,42.5,-4.0,0.09571428571428564,0.45,0.425,-0.025000000000000022,True,False,False,Slight home <1pt,Down >1 (sharp under),False,False,False,False,False
2,Los Angeles Chargers,Las Vegas Raiders,Los Angeles Chargers,-3.0,-3.5,-0.5,0.5,44.5,46.5,2.0,-0.0772850205583826,0.62,0.63,0.010000000000000009,True,False,False,Slight away <1pt,Up >1 (sharp over),False,False,False,False,False
3,Miami Dolphins,Buffalo Bills,Buffalo Bills,10.0,13.5,3.5,-3.5,47.5,52.357142857142854,4.857142857142854,4.4642857142857135,0.18,0.125,-0.05499999999999999,False,True,True,Sharp home >3pt,Up >1 (sharp over),False,True,False,False,False
3,Atlanta Falcons,Carolina Panthers,Carolina Panthers,-1.5,-4.642857142857143,-3.1428571428571432,3.1428571428571432,44.5,43.857142857142854,-0.6428571428571459,-0.37969903104342007,0.58,0.685,0.1050000000000001,False,False,False,Sharp away >3pt,Down 0-1,True,False,False,False,False
3,Cincinnati Bengals,Minnesota Vikings,Minnesota Vikings,1.5,3.2142857142857144,1.7142857142857144,-1.7142857142857144,47.5,42.57142857142857,-4.928571428571431,0.367142857142857,0.46,0.405,-0.05499999999999999,False,False,True,Sharp home 1-3pt,Down >1 (sharp under),False,True,False,False,False
3,Indianapolis Colts,Tennessee Titans,Indianapolis Colts,1.5,-7.642857142857143,-9.142857142857142,9.142857142857142,43.5,44.5,1.0,-0.4904091894586189,0.58,0.655,0.07500000000000007,True,False,True,Sharp away >3pt,Up 0-1,True,False,False,False,True
3,Green Bay Packers,Cleveland Browns,Cleveland Browns,-6.5,-7.785714285714286,-1.2857142857142856,1.2857142857142856,43.0,40.57142857142857,-2.4285714285714306,-0.0414687099478801,0.765,0.795,0.030000000000000027,False,False,False,Sharp away 1-3pt,Down >1 (sharp under),False,False,False,False,False
3,Houston Texans,Jacksonville Jaguars,Jacksonville Jaguars,1.5,1.5,0.0,-0.0,42.5,42.714285714285715,0.2142857142857153,0.008509316770186626,0.49,0.475,-0.015000000000000013,False,False,False,Slight away <1pt,Up 0-1,False,False,False,False,False
3,New York Jets,Tampa Bay Buccaneers,Tampa Bay Buccaneers,5.5,6.357142857142857,0.8571428571428568,-0.8571428571428568,45.0,43.07142857142857,-1.9285714285714306,0.34999999999999964,0.32,0.265,-0.05499999999999999,True,False,True,Slight home <1pt,Down >1 (sharp under),False,False,False,False,False
3,Pittsburgh Steelers,New England Patriots,Pittsburgh Steelers,-1.0,-1.5,-0.5,0.5,44.5,44.357142857142854,-0.1428571428571459,-0.05344146220004231,0.55,0.535,-0.015000000000000013,True,False,False,Slight away <1pt,Down 0-1,False,False,False,False,False
3,Las Vegas Raiders,Washington Commanders,Washington Commanders,6.0,3.5,-2.5,2.5,47.5,45.57142857142857,-1.9285714285714306,-0.9785714285714286,0.265,0.41,0.14499999999999996,False,False,True,Sharp away 1-3pt,Down >1 (sharp under),True,False,False,False,True
3,Los Angeles Rams,Philadelphia Eagles,Philadelphia Eagles,4.0,4.642857142857143,0.6428571428571432,-0.6428571428571432,45.0,45.642857142857146,0.6428571428571459,0.09285714285714297,0.32,0.37,0.04999999999999999,False,False,True,Slight home <1pt,Up 0-1,False,False,False,False,False
3,Denver Broncos,Los Angeles Chargers,Los Angeles Chargers,1.5,2.7142857142857144,1.2142857142857144,-1.2142857142857144,43.5,45.5,2.0,0.117142857142857,0.42,0.42,0.0,False,False,False,Sharp home 1-3pt,Up >1 (sharp over),False,False,False,False,False
3,New Orleans Saints,Seattle Seahawks,Seattle Seahawks,6.0,6.928571428571429,0.9285714285714288,-0.9285714285714288,41.5,41.57142857142857,0.0714285714285694,0.37857142857142767,0.28,0.235,-0.04500000000000004,False,False,True,Slight home <1pt,Up 0-1,False,False,False,False,False
3,Arizona Cardinals,San Francisco 49ers,San Francisco 49ers,-2.5,1.0714285714285714,3.571428571428571,-3.571428571428571,44.5,44.42857142857143,-0.0714285714285694,-0.17810259238830684,0.51,0.445,-0.065,False,False,False,Sharp home >3pt,Down 0-1,False,True,False,True,False
3,Dallas Cowboys,Chicago Bears,Chicago Bears,1.5,-1.5714285714285714,-3.071428571428571,3.071428571428571,46.0,50.07142857142857,4.071428571428569,-0.38452004880576274,0.46,0.525,0.065,False,False,False,Sharp away >3pt,Up >1 (sharp over),True,False,False,False,True
3,Kansas City Chiefs,New York Giants,Kansas City Chiefs,-5.5,-5.642857142857143,-0.14285714285714324,0.14285714285714324,44.5,44.5,0.0,-0.044967710937360295,0.74,0.73,-0.010000000000000009,True,False,False,Slight away <1pt,Down 0-1,False,False,False,False,False
3,Detroit Lions,Baltimore Ravens,Detroit Lions,6.0,4.071428571428571,-1.9285714285714288,1.9285714285714288,53.5,54.07142857142857,0.5714285714285694,-0.29428571428571404,0.305,0.335,0.030000000000000027,True,False,True,Sharp away 1-3pt,Up 0-1,False,False,False,False,True
4,Seattle Seahawks,Arizona Cardinals,Seattle Seahawks,2.5,-1.5,-4.0,4.0,43.5,43.642857142857146,0.1428571428571459,-0.33809213385484527,0.43,0.525,0.09500000000000003,True,False,False,Sharp away >3pt,Up 0-1,True,False,False,False,True
4,Minnesota Vikings,Pittsburgh Steelers,Pittsburgh Steelers,2.0,-2.642857142857143,-4.642857142857142,4.642857142857142,42.0,40.642857142857146,-1.357142857142854,-0.4613158903570178,0.43,0.565,0.13499999999999995,False,False,True,Sharp away >3pt,Down >1 (sharp under),True,False,False,False,True
4,Carolina Panthers,New England Patriots,New England Patriots,5.5,5.214285714285714,-0.2857142857142856,0.2857142857142856,43.0,42.5,-0.5,0.021428571428571352,0.31,0.315,0.0050000000000000044,False,False,True,Slight away <1pt,Down 0-1,False,False,False,False,False
4,Cleveland Browns,Detroit Lions,Detroit Lions,10.0,9.642857142857142,-0.35714285714285765,0.35714285714285765,46.5,43.92857142857143,-2.5714285714285694,0.2571428571428571,0.185,0.175,-0.010000000000000009,False,False,False,Slight away <1pt,Down >1 (sharp under),False,False,False,False,False
4,New Orleans Saints,Buffalo Bills,Buffalo Bills,14.5,14.428571428571429,-0.07142857142857117,0.07142857142857117,48.0,48.07142857142857,0.0714285714285694,-1.0999999999999996,0.085,0.085,0.0,True,False,True,Slight away <1pt,Up 0-1,False,False,False,False,False
4,Tennessee Titans,Houston Texans,Houston Texans,7.5,6.857142857142857,-0.6428571428571432,0.6428571428571432,40.0,40.07142857142857,0.0714285714285694,-0.13571428571428568,0.22,0.225,0.0050000000000000044,False,False,False,Slight away <1pt,Up 0-1,False,False,False,False,False
4,Philadelphia Eagles,Tampa Bay Buccaneers,Philadelphia Eagles,-3.5,-3.5,0.0,-0.0,44.0,44.07142857142857,0.0714285714285694,0.008856275303643857,0.58,0.65,0.07000000000000006,True,False,True,Slight away <1pt,Up 0-1,False,False,False,False,False
4,Los Angeles Chargers,New York Giants,New York Giants,-5.5,-5.142857142857143,0.35714285714285676,-0.35714285714285676,45.0,42.357142857142854,-2.642857142857146,0.02901631761172152,0.715,0.73,0.015000000000000013,False,False,False,Slight home <1pt,Down >1 (sharp under),False,False,False,False,False
4,Washington Commanders,Atlanta Falcons,Atlanta Falcons,-1.5,2.5,4.0,-4.0,45.0,43.785714285714285,-1.2142857142857153,0.19142857142857128,0.52,0.465,-0.05499999999999999,False,False,True,Sharp home >3pt,Down >1 (sharp under),False,True,False,True,False
4,Indianapolis Colts,Los Angeles Rams,Los Angeles Rams,3.5,3.2142857142857144,-0.2857142857142856,0.2857142857142856,50.0,49.357142857142854,-0.6428571428571459,0.04571428571428582,0.33,0.375,0.044999999999999984,False,False,False,Slight away <1pt,Down 0-1,False,False,False,False,False
4,Jacksonville Jaguars,San Francisco 49ers,Jacksonville Jaguars,3.0,3.357142857142857,0.3571428571428572,-0.3571428571428572,47.0,46.0,-1.0,0.13142857142857123,0.36,0.375,0.015000000000000013,True,False,False,Slight home <1pt,Down >1 (sharp under),False,False,False,False,False
4,Chicago Bears,Las Vegas Raiders,Chicago Bears,2.0,1.4285714285714286,-0.5714285714285714,0.5714285714285714,49.0,47.642857142857146,-1.357142857142854,-0.014285714285714679,0.435,0.485,0.04999999999999999,True,False,False,Slight away <1pt,Down >1 (sharp under),False,False,False,False,False
4,Baltimore Ravens,Kansas City Chiefs,Kansas City Chiefs,-2.5,-2.9285714285714284,-0.4285714285714284,0.4285714285714284,49.0,48.42857142857143,-0.5714285714285694,-0.058635134260112354,0.59,0.565,-0.025000000000000022,False,False,True,Slight away <1pt,Down 0-1,False,False,False,False,False
4,Green Bay Packers,Dallas Cowboys,Green Bay Packers,-4.5,-7.5,-3.0,3.0,48.5,47.714285714285715,-0.7857142857142847,-0.19130375981158076,0.7,0.745,0.04500000000000004,False,False,True,Sharp away >3pt,Down 0-1,False,False,False,False,False
4,New York Jets,Miami Dolphins,Miami Dolphins,2.5,2.4285714285714284,-0.07142857142857162,0.07142857142857162,45.0,43.92857142857143,-1.0714285714285694,0.03714285714285692,0.42,0.425,0.0050000000000000044,False,False,True,Slight away <1pt,Down >1 (sharp under),False,False,False,False,False
4,Cincinnati Bengals,Denver Broncos,Denver Broncos,6.5,6.928571428571429,0.4285714285714288,-0.4285714285714288,45.0,44.42857142857143,-0.5714285714285694,0.09285714285714342,0.23,0.215,-0.015000000000000013,False,False,False,Slight home <1pt,Down 0-1,False,False,False,False,False
5,San Francisco 49ers,Los Angeles Rams,San Francisco 49ers,3.0,7.642857142857143,4.642857142857143,-4.642857142857143,47.0,44.42857142857143,-2.5714285714285694,1.721428571428571,0.405,0.275,-0.13,True,False,True,Sharp home >3pt,Down >1 (sharp under),False,True,False,False,False
5,Minnesota Vikings,Cleveland Browns,Minnesota Vikings,-4.5,-2.0714285714285716,2.4285714285714284,-2.4285714285714284,38.5,36.07142857142857,-2.4285714285714306,0.2217632430120502,0.69,0.645,-0.04499999999999993,False,False,False,Sharp home 1-3pt,Down >1 (sharp under),False,False,False,True,False
5,Dallas Cowboys,New York Jets,Dallas Cowboys,-1.5,0.21428571428571427,1.7142857142857142,-1.7142857142857142,48.5,47.285714285714285,-1.2142857142857153,0.21319727891156437,0.535,0.535,0.0,True,False,True,Sharp home 1-3pt,Down >1 (sharp under),False,False,False,True,False
5,Denver Broncos,Philadelphia Eagles,Denver Broncos,5.5,3.7857142857142856,-1.7142857142857144,1.7142857142857144,43.5,43.357142857142854,-0.1428571428571459,-0.17285714285714304,0.315,0.325,0.010000000000000009,True,False,False,Sharp away 1-3pt,Down 0-1,False,False,False,False,True
5,Houston Texans,Baltimore Ravens,Houston Texans,9.5,-3.2142857142857144,-12.714285714285715,12.714285714285715,45.5,42.214285714285715,-3.2857142857142847,-0.09945445906037031,0.205,0.535,0.33000000000000007,True,False,True,Sharp away >3pt,Down >1 (sharp under),True,False,False,False,True
5,Miami Dolphins,Carolina Panthers,Carolina Panthers,1.5,-1.5714285714285714,-3.071428571428571,3.071428571428571,46.5,44.214285714285715,-2.2857142857142847,-0.1321397529024646,0.51,0.525,0.015000000000000013,False,False,True,Sharp away >3pt,Down >1 (sharp under),False,False,False,False,True
5,New York Giants,New Orleans Saints,New Orleans Saints,-1.5,0.35714285714285715,1.8571428571428572,-1.8571428571428572,41.5,43.0,1.5,0.09009070294784571,0.54,0.455,-0.08500000000000002,False,False,False,Sharp home 1-3pt,Up >1 (sharp over),False,True,False,True,False
5,Las Vegas Raiders,Indianapolis Colts,Indianapolis Colts,6.5,6.785714285714286,0.2857142857142856,-0.2857142857142856,47.5,46.785714285714285,-0.7142857142857153,-0.03571428571428603,0.29,0.265,-0.024999999999999967,False,False,False,Slight home <1pt,Down 0-1,False,False,False,False,False
5,Tennessee Titans,Arizona Cardinals,Tennessee Titans,7.5,7.285714285714286,-0.2142857142857144,0.2142857142857144,41.5,41.5,0.0,-0.1785714285714297,0.25,0.215,-0.035,True,False,True,Slight away <1pt,Down 0-1,False,False,False,False,False
5,Tampa Bay Buccaneers,Seattle Seahawks,Tampa Bay Buccaneers,1.5,2.9285714285714284,1.4285714285714284,-1.4285714285714284,44.5,45.07142857142857,0.5714285714285694,0.3328571428571432,0.435,0.355,-0.08000000000000002,True,False,True,Sharp home 1-3pt,Up 0-1,False,True,False,False,False
5,Detroit Lions,Cincinnati Bengals,Detroit Lions,-7.5,-11.5,-4.0,4.0,49.5,50.0,0.5,-0.12080522710062658,0.755,0.83,0.07499999999999996,True,False,True,Sharp away >3pt,Up 0-1,True,False,False,False,False
5,Washington Commanders,Los Angeles Chargers,Washington Commanders,3.0,3.2142857142857144,0.2142857142857144,-0.2142857142857144,48.5,48.642857142857146,0.1428571428571459,0.137142857142857,0.405,0.4,-0.0050000000000000044,True,False,False,Slight home <1pt,Up 0-1,False,False,False,False,False
5,New England Patriots,Buffalo Bills,New England Patriots,8.5,7.142857142857143,-1.3571428571428568,1.3571428571428568,49.5,48.42857142857143,-1.0714285714285694,-0.6714285714285717,0.195,0.21,0.014999999999999986,True,False,False,Sharp away 1-3pt,Down >1 (sharp under),False,False,False,False,True
5,Kansas City Chiefs,Jacksonville Jaguars,Jacksonville Jaguars,-3.5,-3.5,0.0,-0.0,45.5,45.5,0.0,-0.03285701122050444,0.595,0.64,0.04500000000000004,False,False,True,Slight away <1pt,Down 0-1,False,False,False,False,False
6,Philadelphia Eagles,New York Giants,New York Giants,-7.5,-7.285714285714286,0.2142857142857144,-0.2142857142857144,42.5,40.57142857142857,-1.9285714285714306,-0.005890075328377042,0.77,0.775,0.0050000000000000044,False,False,True,Slight home <1pt,Down >1 (sharp under),False,False,False,False,False
6,Denver Broncos,New York Jets,Denver Broncos,-6.5,-7.142857142857143,-0.6428571428571432,0.6428571428571432,43.5,43.5,0.0,-0.059281044452834664,0.715,0.765,0.050000000000000044,False,False,False,Slight away <1pt,Down 0-1,False,False,False,False,False
6,Cleveland Browns,Pittsburgh Steelers,Pittsburgh Steelers,6.5,6.785714285714286,0.2857142857142856,-0.2857142857142856,38.5,38.5,0.0,0.12142857142857189,0.295,0.285,-0.010000000000000009,False,False,False,Slight home <1pt,Down 0-1,False,False,False,False,False
6,Arizona Cardinals,Indianapolis Colts,Indianapolis Colts,7.5,8.857142857142858,1.3571428571428577,-1.3571428571428577,46.5,46.357142857142854,-0.1428571428571459,0.47857142857142776,0.345,0.245,-0.09999999999999998,True,False,True,Sharp home 1-3pt,Down 0-1,False,True,False,False,False
6,Dallas Cowboys,Carolina Panthers,Carolina Panthers,-3.5,-2.9285714285714284,0.5714285714285716,-0.5714285714285716,47.5,46.785714285714285,-0.7142857142857153,0.041850055634516936,0.635,0.605,-0.030000000000000027,False,False,True,Slight home <1pt,Down 0-1,False,False,False,False,False
6,Los Angeles Rams,Baltimore Ravens,Los Angeles Rams,-7.5,-6.714285714285714,0.7857142857142856,-0.7857142857142856,43.5,43.714285714285715,0.2142857142857153,0.07122629192643215,0.665,0.775,0.10999999999999999,True,False,False,Slight home <1pt,Up 0-1,False,False,False,False,False
6,Los Angeles Chargers,Miami Dolphins,Los Angeles Chargers,-1.5,-3.5,-2.0,2.0,45.5,45.357142857142854,-0.1428571428571459,-0.009742825532299326,0.695,0.645,-0.04999999999999993,True,False,True,Sharp away 1-3pt,Down 0-1,False,False,False,False,False
6,Seattle Seahawks,Jacksonville Jaguars,Seattle Seahawks,1.5,-1.2857142857142858,-2.7857142857142856,2.7857142857142856,44.5,47.5,3.0,-0.1518781959688269,0.485,0.505,0.020000000000000018,True,False,False,Sharp away 1-3pt,Up >1 (sharp over),False,False,False,False,True
6,San Francisco 49ers,Tampa Bay Buccaneers,Tampa Bay Buccaneers,1.5,3.5,2.0,-2.0,47.5,46.857142857142854,-0.6428571428571459,0.5085714285714289,0.5,0.375,-0.125,False,False,True,Sharp home 1-3pt,Down 0-1,False,True,False,False,False
6,Tennessee Titans,Las Vegas Raiders,Las Vegas Raiders,6.5,3.9285714285714284,-2.5714285714285716,2.5714285714285716,41.5,41.5,0.0,-0.69,0.28,0.335,0.05499999999999999,False,False,False,Sharp away 1-3pt,Down 0-1,True,False,False,False,True
6,Cincinnati Bengals,Green Bay Packers,Green Bay Packers,13.5,13.642857142857142,0.14285714285714235,-0.14285714285714235,44.5,43.0,-1.5,-0.22142857142857064,0.115,0.105,-0.010000000000000009,True,False,True,Slight home <1pt,Down >1 (sharp under),False,False,False,False,False
6,New England Patriots,New Orleans Saints,New England Patriots,-3.5,-3.4285714285714284,0.07142857142857162,-0.07142857142857162,45.5,46.07142857142857,0.5714285714285694,-0.017604540630856258,0.625,0.635,0.010000000000000009,True,False,False,Slight home <1pt,Up 0-1,False,False,False,False,False
6,Detroit Lions,Kansas City Chiefs,Kansas City Chiefs,1.5,2.357142857142857,0.8571428571428572,-0.8571428571428572,48.5,51.5,3.0,0.20857142857142863,0.485,0.445,-0.03999999999999998,False,False,False,Slight home <1pt,Up >1 (sharp over),False,False,False,False,False
6,Buffalo Bills,Atlanta Falcons,Atlanta Falcons,-5.5,-3.9285714285714284,1.5714285714285716,-1.5714285714285716,49.5,49.357142857142854,-0.1428571428571459,-0.001493280238924699,0.655,0.655,0.0,False,False,False,Sharp home 1-3pt,Down 0-1,False,False,False,True,False
6,Chicago Bears,Washington Commanders,Chicago Bears,4.5,5.214285714285714,0.7142857142857144,-0.7142857142857144,49.5,48.857142857142854,-0.6428571428571459,0.1642857142857146,0.345,0.325,-0.019999999999999962,True,False,False,Slight home <1pt,Down 0-1,False,False,False,False,False
7,Pittsburgh Steelers,Cincinnati Bengals,Cincinnati Bengals,-4.5,-5.214285714285714,-0.7142857142857144,0.7142857142857144,42.5,44.785714285714285,2.2857142857142847,-0.037914946198259525,0.675,0.7,0.02499999999999991,False,False,True,Slight away <1pt,Up >1 (sharp over),False,False,False,False,False
7,Los Angeles Rams,Jacksonville Jaguars,Los Angeles Rams,-3.5,-3.2857142857142856,0.2142857142857144,-0.2142857142857144,44.5,44.285714285714285,-0.2142857142857153,0.03300699615370051,0.605,0.605,0.0,True,False,False,Slight home <1pt,Down 0-1,False,False,False,False,False
7,Carolina Panthers,New York Jets,Carolina Panthers,-1.0,-0.07142857142857142,0.9285714285714286,-0.9285714285714286,44.5,40.0,-4.5,0.015222872365729723,0.455,0.515,0.06,True,False,False,Slight home <1pt,Down >1 (sharp under),False,False,False,False,False
7,Miami Dolphins,Cleveland Browns,Cleveland Browns,2.5,2.357142857142857,-0.1428571428571428,0.1428571428571428,41.5,34.642857142857146,-6.857142857142854,-0.09999999999999964,0.405,0.425,0.019999999999999962,False,False,False,Slight away <1pt,,False,False,False,False,False
7,New Orleans Saints,Chicago Bears,Chicago Bears,6.5,2.9285714285714284,-3.5714285714285716,3.5714285714285716,45.5,43.785714285714285,-1.7142857142857153,-0.5471428571428572,0.305,0.325,0.020000000000000018,False,False,False,Sharp away >3pt,Down >1 (sharp under),False,False,False,False,True
7,New England Patriots,Tennessee Titans,New England Patriots,-6.5,-6.5,0.0,-0.0,42.5,41.07142857142857,-1.4285714285714306,-0.04201515460595373,0.705,0.745,0.040000000000000036,True,False,True,Slight away <1pt,Down >1 (sharp under),False,False,False,False,False
7,Philadelphia Eagles,Minnesota Vikings,Philadelphia Eagles,-1.5,-2.5,-1.0,1.0,43.5,43.714285714285715,0.2142857142857153,-0.05508720287045388,0.555,0.545,-0.010000000000000009,True,False,True,Sharp away 1-3pt,Up 0-1,False,False,False,False,False
7,Las Vegas Raiders,Kansas City Chiefs,Kansas City Chiefs,10.5,12.785714285714286,2.2857142857142865,-2.2857142857142865,44.5,44.5,0.0,0.9142857142857137,0.175,0.125,-0.04999999999999999,False,False,False,Sharp home 1-3pt,Down 0-1,False,False,False,False,False
7,Indianapolis Colts,Los Angeles Chargers,Indianapolis Colts,1.5,2.357142857142857,0.8571428571428572,-0.8571428571428572,48.5,48.785714285714285,0.2857142857142847,0.17857142857142838,0.51,0.455,-0.05499999999999999,True,False,True,Slight home <1pt,Up 0-1,False,False,False,False,False
7,New York Giants,Denver Broncos,Denver Broncos,8.5,8.0,-0.5,0.5,40.5,40.57142857142857,0.0714285714285694,-0.0857142857142863,0.255,0.235,-0.020000000000000018,True,False,True,Slight away <1pt,Up 0-1,False,False,False,False,False
7,Green Bay Packers,Arizona Cardinals,Green Bay Packers,-5.0,-6.785714285714286,-1.7857142857142856,1.7857142857142856,44.5,44.857142857142854,0.3571428571428541,-0.11204359324660085,0.68,0.755,0.07499999999999996,False,False,True,Sharp away 1-3pt,Up 0-1,True,False,False,False,False
7,Washington Commanders,Dallas Cowboys,Dallas Cowboys,-2.5,1.6428571428571428,4.142857142857142,-4.142857142857142,52.0,55.07142857142857,3.0714285714285694,0.32285714285714295,0.555,0.485,-0.07000000000000006,False,False,True,Sharp home >3pt,Up >1 (sharp over),False,True,False,True,False
7,Atlanta Falcons,San Francisco 49ers,San Francisco 49ers,4.5,-0.7142857142857143,-5.214285714285714,5.214285714285714,45.5,46.57142857142857,1.0714285714285694,-0.7788819875776394,0.355,0.455,0.10000000000000003,False,False,False,Sharp away >3pt,Up >1 (sharp over),True,False,False,False,True
7,Tampa Bay Buccaneers,Detroit Lions,Detroit Lions,4.5,5.785714285714286,1.2857142857142856,-1.2857142857142856,53.5,54.785714285714285,1.2857142857142847,0.4142857142857146,0.355,0.285,-0.07,False,False,False,Sharp home 1-3pt,Up >1 (sharp over),False,True,False,False,False
7,Houston Texans,Seattle Seahawks,Seattle Seahawks,2.5,3.0714285714285716,0.5714285714285716,-0.5714285714285716,41.5,41.285714285714285,-0.2142857142857153,0.11142857142857165,0.39,0.375,-0.015000000000000013,False,False,True,Slight home <1pt,Down 0-1,False,False,False,False,False
8,Minnesota Vikings,Los Angeles Chargers,Los Angeles Chargers,3.0,3.4285714285714284,0.4285714285714284,-0.4285714285714284,42.5,44.785714285714285,2.2857142857142847,0.12857142857142856,0.415,0.365,-0.04999999999999999,False,False,True,Slight home <1pt,Up >1 (sharp over),False,False,False,False,False
8,Buffalo Bills,Carolina Panthers,Buffalo Bills,-7.5,-7.428571428571429,0.07142857142857117,-0.07142857142857117,48.5,47.642857142857146,-0.8571428571428541,-0.021967052062811243,0.405,0.775,0.37,True,False,True,Slight home <1pt,Down 0-1,False,False,False,False,False
8,Chicago Bears,Baltimore Ravens,Baltimore Ravens,6.5,1.7857142857142858,-4.714285714285714,4.714285714285714,49.5,44.785714285714285,-4.714285714285715,-1.1754483611626472,0.295,0.255,-0.03999999999999998,False,False,False,Sharp away >3pt,Down >1 (sharp under),False,False,False,False,True
8,Cleveland Browns,New England Patriots,New England Patriots,6.5,6.857142857142857,0.35714285714285676,-0.35714285714285676,40.5,40.5,0.0,0.17857142857142883,0.265,0.235,-0.030000000000000027,False,False,True,Slight home <1pt,Down 0-1,False,False,False,False,False
8,Miami Dolphins,Atlanta Falcons,Miami Dolphins,-5.5,5.142857142857143,10.642857142857142,-10.642857142857142,44.0,44.285714285714285,0.2857142857142847,2.0357142857142856,0.315,0.215,-0.1,True,False,False,Sharp home >3pt,Up 0-1,False,True,False,True,False
8,New York Giants,Philadelphia Eagles,Philadelphia Eagles,7.5,7.285714285714286,-0.2142857142857144,0.2142857142857144,44.5,43.285714285714285,-1.2142857142857153,0.042857142857142705,0.585,0.245,-0.33999999999999997,False,False,True,Slight away <1pt,Down >1 (sharp under),False,False,False,False,False
8,New York Jets,Cincinnati Bengals,New York Jets,2.5,5.214285714285714,2.7142857142857144,-2.7142857142857144,42.5,43.857142857142854,1.357142857142854,0.8857142857142852,0.375,0.275,-0.09999999999999998,True,False,True,Sharp home 1-3pt,Up >1 (sharp over),False,True,False,False,False
8,San Francisco 49ers,Houston Texans,Houston Texans,1.5,2.857142857142857,1.3571428571428572,-1.3571428571428572,41.5,41.285714285714285,-0.2142857142857153,0.132857142857143,0.465,0.455,-0.010000000000000009,False,False,False,Sharp home 1-3pt,Down 0-1,False,False,False,False,False
8,Tampa Bay Buccaneers,New Orleans Saints,Tampa Bay Buccaneers,-5.5,-3.7142857142857144,1.7857142857142856,-1.7857142857142856,47.5,46.0,-1.5,0.052517351395776624,0.675,0.655,-0.020000000000000018,True,False,False,Sharp home 1-3pt,Down >1 (sharp under),False,False,False,True,False
8,Dallas Cowboys,Denver Broncos,Denver Broncos,4.5,3.9285714285714284,-0.5714285714285716,0.5714285714285716,47.5,52.142857142857146,4.642857142857146,-0.2685714285714287,0.345,0.375,0.030000000000000027,False,False,True,Slight away <1pt,Up >1 (sharp over),False,False,False,False,False
8,Tennessee Titans,Indianapolis Colts,Indianapolis Colts,11.5,15.142857142857142,3.6428571428571423,-3.6428571428571423,45.5,47.785714285714285,2.2857142857142847,2.7142857142857135,0.545,0.095,-0.45000000000000007,False,False,True,Sharp home >3pt,Up >1 (sharp over),False,True,False,False,False
8,Green Bay Packers,Pittsburgh Steelers,Green Bay Packers,-3.0,-2.642857142857143,0.3571428571428572,-0.3571428571428572,43.5,45.642857142857146,2.142857142857146,0.026723576596241694,0.61,0.595,-0.015000000000000013,True,False,True,Slight home <1pt,Up >1 (sharp over),False,False,False,False,False
8,Washington Commanders,Kansas City Chiefs,Kansas City Chiefs,5.5,9.214285714285714,3.7142857142857135,-3.7142857142857135,50.5,48.57142857142857,-1.9285714285714306,1.9571428571428569,0.175,0.145,-0.03,False,False,False,Sharp home >3pt,Down >1 (sharp under),False,False,False,False,False
9,Baltimore Ravens,Miami Dolphins,Baltimore Ravens,-8.0,-7.928571428571429,0.07142857142857117,-0.07142857142857117,49.5,51.57142857142857,2.0714285714285694,-0.016843579537078046,0.5,0.785,0.28500000000000003,True,False,False,Slight home <1pt,Up >1 (sharp over),False,False,False,False,False
9,Atlanta Falcons,New England Patriots,New England Patriots,2.5,5.214285714285714,2.7142857142857144,-2.7142857142857144,45.5,45.214285714285715,-0.2857142857142847,0.8071428571428569,0.42,0.315,-0.10499999999999998,True,False,True,Sharp home 1-3pt,Down 0-1,False,True,False,False,False
9,Carolina Panthers,Green Bay Packers,Carolina Panthers,10.5,12.428571428571429,1.9285714285714288,-1.9285714285714288,44.5,43.5,-1.0,1.2714285714285714,0.53,0.115,-0.41500000000000004,True,False,False,Sharp home 1-3pt,Down >1 (sharp under),False,True,False,False,False
9,Chicago Bears,Cincinnati Bengals,Chicago Bears,-1.5,-1.2857142857142858,0.2142857142857142,-0.2142857142857142,48.5,53.57142857142857,5.071428571428569,-0.05631544860090254,0.52,0.585,0.06499999999999995,True,False,True,Slight home <1pt,Up >1 (sharp over),False,False,False,False,False
9,Indianapolis Colts,Pittsburgh Steelers,Pittsburgh Steelers,1.5,-2.857142857142857,-4.357142857142858,4.357142857142858,49.5,51.57142857142857,2.0714285714285694,-0.1880420460867276,0.6,0.615,0.015000000000000013,False,False,False,Sharp away >3pt,Up >1 (sharp over),False,False,False,False,True
9,Denver Broncos,Houston Texans,Denver Broncos,-1.5,0.7857142857142857,2.2857142857142856,-2.2857142857142856,38.5,40.714285714285715,2.2142857142857153,0.21120879120879077,0.51,0.455,-0.05499999999999999,True,False,False,Sharp home 1-3pt,Up >1 (sharp over),False,True,False,True,False
9,Minnesota Vikings,Detroit Lions,Minnesota Vikings,7.5,9.642857142857142,2.1428571428571423,-2.1428571428571423,48.5,51.07142857142857,2.5714285714285694,0.6642857142857137,0.565,0.19,-0.37499999999999994,True,False,True,Sharp home 1-3pt,Up >1 (sharp over),False,True,False,False,False
9,Los Angeles Chargers,Tennessee Titans,Los Angeles Chargers,-9.5,-9.5,0.0,-0.0,43.5,44.285714285714285,0.7857142857142847,-0.06021173120459555,0.435,0.825,0.38999999999999996,False,False,True,Slight away <1pt,Up 0-1,False,False,False,False,False
9,San Francisco 49ers,New York Giants,San Francisco 49ers,-3.0,-2.5,0.5,-0.5,46.5,47.642857142857146,1.142857142857146,0.034251724559519525,0.59,0.575,-0.015000000000000013,True,False,True,Slight home <1pt,Up >1 (sharp over),False,False,False,False,False
9,Jacksonville Jaguars,Las Vegas Raiders,Jacksonville Jaguars,-1.5,-1.9285714285714286,-0.4285714285714286,0.4285714285714286,44.5,44.0,-0.5,0.10483564054992622,0.59,0.565,-0.025000000000000022,False,False,True,Slight away <1pt,Down 0-1,False,False,False,False,False
9,New Orleans Saints,Los Angeles Rams,Los Angeles Rams,11.5,15.5,4.0,-4.0,45.0,44.642857142857146,-0.3571428571428541,4.25,0.525,0.105,-0.42000000000000004,False,False,False,Sharp home >3pt,Down 0-1,False,True,False,False,False
9,Kansas City Chiefs,Buffalo Bills,Buffalo Bills,-1.5,-2.2142857142857144,-0.7142857142857144,0.7142857142857144,50.5,52.714285714285715,2.2142857142857153,-0.08022146648971473,0.53,0.555,0.025000000000000022,False,False,False,Slight away <1pt,Up >1 (sharp over),False,False,False,False,False
9,Seattle Seahawks,Washington Commanders,Seattle Seahawks,-2.5,-2.642857142857143,-0.1428571428571428,0.1428571428571428,46.5,47.42857142857143,0.9285714285714306,0.006652527779288375,0.58,0.595,0.015000000000000013,True,False,True,Slight away <1pt,Up 0-1,False,False,False,False,False
9,Arizona Cardinals,Dallas Cowboys,Arizona Cardinals,3.0,3.357142857142857,0.3571428571428572,-0.3571428571428572,52.5,47.857142857142854,-4.642857142857146,0.10000000000000009,0.405,0.385,-0.020000000000000018,True,False,False,Slight home <1pt,Down >1 (sharp under),False,False,False,False,False
10,Las Vegas Raiders,Denver Broncos,Denver Broncos,9.5,9.071428571428571,-0.4285714285714288,0.4285714285714288,41.5,42.42857142857143,0.9285714285714306,-0.19285714285714306,0.27,0.195,-0.07500000000000001,True,False,False,Slight away <1pt,Up 0-1,False,False,False,False,False
10,Atlanta Falcons,Indianapolis Colts,Indianapolis Colts,7.0,6.285714285714286,-0.7142857142857144,0.7142857142857144,48.5,48.5,0.0,-0.39285714285714235,0.275,0.275,0.0,True,False,True,Slight away <1pt,Down 0-1,False,False,False,False,False
10,Buffalo Bills,Miami Dolphins,Miami Dolphins,-8.5,-8.285714285714286,0.21428571428571352,-0.21428571428571352,49.5,50.142857142857146,0.6428571428571459,-0.014859452552950847,0.775,0.82,0.04499999999999993,False,False,False,Slight home <1pt,Up 0-1,False,False,False,False,False
10,Cleveland Browns,New York Jets,New York Jets,-1.5,-1.8571428571428572,-0.3571428571428572,0.3571428571428572,38.0,37.5,-0.5,-0.24232434232434197,0.46,0.545,0.08500000000000002,False,False,True,Slight away <1pt,Down 0-1,False,False,False,False,False
10,Jacksonville Jaguars,Houston Texans,Houston Texans,1.5,-0.5,-2.0,2.0,41.5,37.714285714285715,-3.7857142857142847,-0.4392916607202322,0.42,0.495,0.07500000000000001,False,False,True,Sharp away 1-3pt,Down >1 (sharp under),True,False,False,False,True
10,New Orleans Saints,Carolina Panthers,New Orleans Saints,3.5,5.642857142857143,2.1428571428571432,-2.1428571428571432,38.5,38.214285714285715,-0.2857142857142847,0.4042857142857148,0.38,0.315,-0.065,True,False,False,Sharp home 1-3pt,Down 0-1,False,True,False,False,False
10,New England Patriots,Tampa Bay Buccaneers,New England Patriots,1.5,2.5,1.0,-1.0,47.5,47.92857142857143,0.4285714285714306,-0.06285714285714272,0.415,0.435,0.020000000000000018,True,False,True,Slight home <1pt,Up 0-1,False,False,False,False,False
10,New York Giants,Chicago Bears,Chicago Bears,3.0,4.571428571428571,1.5714285714285712,-1.5714285714285712,46.5,44.5,-2.0,0.3085714285714283,0.39,0.335,-0.05499999999999999,False,False,False,Sharp home 1-3pt,Down >1 (sharp under),False,True,False,False,False
10,Baltimore Ravens,Minnesota Vikings,Baltimore Ravens,-3.5,-4.357142857142857,-0.8571428571428568,0.8571428571428568,46.5,48.714285714285715,2.2142857142857153,-0.05332863253823095,0.665,0.655,-0.010000000000000009,True,False,False,Slight away <1pt,Up >1 (sharp over),False,False,False,False,False
10,Arizona Cardinals,Seattle Seahawks,Seattle Seahawks,6.0,10.714285714285714,4.7142857142857135,-4.7142857142857135,44.5,47.5,3.0,2.8071428571428565,0.32,0.255,-0.065,False,False,True,Sharp home >3pt,Up >1 (sharp over),False,True,False,False,False
10,Detroit Lions,Washington Commanders,Detroit Lions,-3.5,-8.071428571428571,-4.571428571428571,4.571428571428571,49.0,49.07142857142857,0.0714285714285694,-0.26224878967605325,0.65,0.795,0.14500000000000002,True,False,True,Sharp away >3pt,Up 0-1,True,False,False,False,False
10,Los Angeles Rams,San Francisco 49ers,Los Angeles Rams,-2.5,-5.571428571428571,-3.071428571428571,3.071428571428571,48.5,49.5,1.0,-0.3067761250769423,0.61,0.675,0.06500000000000006,True,False,True,Sharp away >3pt,Up 0-1,True,False,False,False,False
10,Pittsburgh Steelers,Los Angeles Chargers,Los Angeles Chargers,3.5,3.2857142857142856,-0.2142857142857144,0.2142857142857144,46.5,45.5,-1.0,0.004285714285714892,0.36,0.425,0.065,False,False,False,Slight away <1pt,Down >1 (sharp under),False,False,False,False,False
10,Philadelphia Eagles,Green Bay Packers,Philadelphia Eagles,3.0,0.25,-2.75,2.75,45.5,43.785714285714285,-1.7142857142857153,-0.030802530802530814,0.44,0.485,0.044999999999999984,True,False,False,Sharp away 1-3pt,Down >1 (sharp under),False,False,False,False,True
11,New York Jets,New England Patriots,New England Patriots,10.5,12.785714285714286,2.2857142857142865,-2.2857142857142865,46.5,43.07142857142857,-3.4285714285714306,1.5928571428571425,0.545,0.145,-0.4,False,False,False,Sharp home 1-3pt,Down >1 (sharp under),False,True,False,False,False
11,Washington Commanders,Miami Dolphins,Miami Dolphins,1.5,2.357142857142857,0.8571428571428572,-0.8571428571428572,45.5,47.07142857142857,1.5714285714285694,0.34285714285714297,0.54,0.425,-0.11500000000000005,False,False,False,Slight home <1pt,Up >1 (sharp over),False,False,False,False,False
11,Carolina Panthers,Atlanta Falcons,Carolina Panthers,3.5,3.9285714285714284,0.4285714285714284,-0.4285714285714284,44.5,42.142857142857146,-2.357142857142854,0.20999999999999996,0.395,0.355,-0.040000000000000036,True,False,True,Slight home <1pt,Down >1 (sharp under),False,False,False,False,False
11,Chicago Bears,Minnesota Vikings,Chicago Bears,2.5,2.5714285714285716,0.07142857142857162,-0.07142857142857162,47.5,47.857142857142854,0.3571428571428541,0.029999999999999805,0.425,0.415,-0.010000000000000009,True,False,False,Slight home <1pt,Up 0-1,False,False,False,False,False
11,Cincinnati Bengals,Pittsburgh Steelers,Pittsburgh Steelers,5.5,5.5,0.0,-0.0,50.0,47.857142857142854,-2.142857142857146,-0.2528571428571422,0.335,0.31,-0.025000000000000022,False,False,False,Slight away <1pt,Down >1 (sharp under),False,False,False,False,False
11,Green Bay Packers,New York Giants,Green Bay Packers,-7.0,-7.285714285714286,-0.2857142857142856,0.2857142857142856,42.5,42.142857142857146,-0.3571428571428541,-0.050080462292444006,0.715,0.755,0.040000000000000036,False,True,True,Slight away <1pt,Down 0-1,False,False,False,False,False
11,Houston Texans,Tennessee Titans,Houston Texans,-7.0,-5.642857142857143,1.3571428571428568,-1.3571428571428568,38.5,37.5,-1.0,0.09629531196385788,0.755,0.705,-0.050000000000000044,False,False,False,Sharp home 1-3pt,Down >1 (sharp under),False,True,False,True,False
11,Los Angeles Chargers,Jacksonville Jaguars,Jacksonville Jaguars,-1.5,-2.7857142857142856,-1.2857142857142856,1.2857142857142856,44.5,43.357142857142854,-1.142857142857146,-0.10070764280876077,0.53,0.585,0.05499999999999994,False,False,False,Sharp away 1-3pt,Down >1 (sharp under),True,False,False,False,False
11,Tampa Bay Buccaneers,Buffalo Bills,Buffalo Bills,6.0,6.285714285714286,0.2857142857142856,-0.2857142857142856,50.5,45.5,-5.0,0.24428571428571422,0.33,0.295,-0.03500000000000003,False,False,True,Slight home <1pt,Down >1 (sharp under),False,False,False,False,False
11,Seattle Seahawks,Los Angeles Rams,Los Angeles Rams,3.5,3.357142857142857,-0.1428571428571428,0.1428571428571428,47.5,49.07142857142857,1.5714285714285694,0.19999999999999973,0.435,0.385,-0.04999999999999999,True,False,False,Slight away <1pt,Up >1 (sharp over),False,False,False,False,False
11,San Francisco 49ers,Arizona Cardinals,San Francisco 49ers,-1.5,-3.2142857142857144,-1.7142857142857144,1.7142857142857144,47.5,48.357142857142854,0.8571428571428541,-0.2309717668729725,0.535,0.605,0.06999999999999995,True,False,True,Sharp away 1-3pt,Up 0-1,True,False,False,False,False
11,Kansas City Chiefs,Denver Broncos,Denver Broncos,-2.5,-4.0,-1.5,1.5,45.5,44.714285714285715,-0.7857142857142847,-0.15570002651979542,0.635,0.665,0.030000000000000027,False,False,False,Sharp away 1-3pt,Down 0-1,False,False,False,False,False
11,Baltimore Ravens,Cleveland Browns,Baltimore Ravens,-7.5,-7.5,0.0,-0.0,41.5,37.642857142857146,-3.857142857142854,-0.00720485822787631,0.775,0.795,0.020000000000000018,False,False,False,Slight away <1pt,Down >1 (sharp under),False,False,False,False,False
11,Detroit Lions,Philadelphia Eagles,Philadelphia Eagles,1.5,2.5,1.0,-1.0,46.5,45.642857142857146,-0.8571428571428541,0.09714285714285742,0.475,0.435,-0.03999999999999998,False,False,False,Slight home <1pt,Down 0-1,False,False,False,False,False
11,Dallas Cowboys,Las Vegas Raiders,Dallas Cowboys,-3.5,-3.2142857142857144,0.2857142857142856,-0.2857142857142856,49.5,48.07142857142857,-1.4285714285714306,0.02093536130564333,0.635,0.635,0.0,True,False,False,Slight home <1pt,Down >1 (sharp under),False,False,False,False,False
12,Buffalo Bills,Houston Texans,Houston Texans,-2.5,-4.928571428571429,-2.428571428571429,2.428571428571429,44.5,44.214285714285715,-0.2857142857142847,-0.2689697623262537,0.5,0.465,-0.034999999999999976,False,False,False,Sharp away 1-3pt,Down 0-1,False,False,False,False,False
12,Indianapolis Colts,Kansas City Chiefs,Kansas City Chiefs,4.5,4.285714285714286,-0.2142857142857144,0.2142857142857144,50.5,49.642857142857146,-0.8571428571428541,-0.009999999999999787,0.49,0.5,0.010000000000000009,True,False,False,Slight away <1pt,Down 0-1,False,False,False,False,False
12,Minnesota Vikings,Green Bay Packers,Green Bay Packers,6.5,6.428571428571429,-0.07142857142857117,0.07142857142857117,43.5,41.5,-2.0,0.055714285714285605,0.5,0.505,0.0050000000000000044,False,False,False,Slight away <1pt,Down >1 (sharp under),False,False,False,False,False
12,New England Patriots,Cincinnati Bengals,New England Patriots,-5.5,-7.428571428571429,-1.9285714285714288,1.9285714285714288,50.5,50.642857142857146,0.1428571428571459,-0.11763187352555304,0.51,0.57,0.05999999999999994,True,False,False,Sharp away 1-3pt,Up 0-1,True,False,False,False,False
12,New York Giants,Detroit Lions,Detroit Lions,10.5,14.214285714285714,3.7142857142857135,-3.7142857142857135,49.5,50.642857142857146,1.142857142857146,1.9642857142857144,0.5,0.535,0.03500000000000003,True,False,True,Sharp home >3pt,Up >1 (sharp over),False,False,False,False,False
12,New York Jets,Baltimore Ravens,Baltimore Ravens,14.5,14.071428571428571,-0.4285714285714288,0.4285714285714288,44.5,44.5,0.0,-0.17857142857142883,0.505,0.185,-0.32,True,False,False,Slight away <1pt,Down 0-1,False,False,False,False,False
12,Pittsburgh Steelers,Chicago Bears,Chicago Bears,1.5,2.642857142857143,1.1428571428571428,-1.1428571428571428,46.5,46.357142857142854,-0.1428571428571459,0.17428571428571438,0.51,0.535,0.025000000000000022,False,False,True,Sharp home 1-3pt,Down 0-1,False,False,False,False,False
12,Seattle Seahawks,Tennessee Titans,Seattle Seahawks,-12.5,-12.5,0.0,-0.0,43.5,41.642857142857146,-1.857142857142854,-0.018253786202962585,0.5,0.8,0.30000000000000004,False,False,True,Slight away <1pt,Down >1 (sharp under),False,False,False,False,False
12,Cleveland Browns,Las Vegas Raiders,Cleveland Browns,2.0,3.2142857142857144,1.2142857142857144,-1.2142857142857144,37.5,35.214285714285715,-2.2857142857142847,0.3085714285714283,0.49,0.46,-0.02999999999999997,True,False,False,Sharp home 1-3pt,Down >1 (sharp under),False,False,False,False,False
12,Jacksonville Jaguars,Arizona Cardinals,Jacksonville Jaguars,1.0,-1.9285714285714286,-2.928571428571429,2.928571428571429,46.5,47.357142857142854,0.8571428571428541,-0.20520220520220533,0.5,0.515,0.015000000000000013,True,False,True,Sharp away 1-3pt,Up 0-1,False,False,False,False,True
12,Atlanta Falcons,New Orleans Saints,Atlanta Falcons,-3.5,0.07142857142857142,3.5714285714285716,-3.5714285714285716,41.5,40.142857142857146,-1.357142857142854,0.34151661850804094,0.5,0.625,0.125,True,False,False,Sharp home >3pt,Down >1 (sharp under),False,False,True,True,False
12,Philadelphia Eagles,Dallas Cowboys,Dallas Cowboys,-3.5,-2.857142857142857,0.6428571428571428,-0.6428571428571428,50.5,47.857142857142854,-2.642857142857146,0.13648202014348376,0.495,0.68,0.18500000000000005,False,False,False,Slight home <1pt,Down >1 (sharp under),False,False,False,False,False
12,Tampa Bay Buccaneers,Los Angeles Rams,L.A. Rams,6.0,7.142857142857143,1.1428571428571432,-1.1428571428571432,49.5,49.857142857142854,0.3571428571428541,0.6142857142857143,0.495,0.51,0.015000000000000013,False,False,False,Sharp home 1-3pt,Up 0-1,False,False,False,False,False
12,Carolina Panthers,San Francisco 49ers,San Francisco 49ers,6.5,7.5,1.0,-1.0,45.5,48.92857142857143,3.4285714285714306,0.5214285714285718,0.245,0.245,0.0,False,False,False,Slight home <1pt,Up >1 (sharp over),False,False,False,False,False
13,Green Bay Packers,Detroit Lions,Green Bay Packers,3.0,2.857142857142857,-0.1428571428571428,0.1428571428571428,48.5,48.214285714285715,-0.2857142857142847,0.04714285714285715,0.44,0.425,-0.015000000000000013,True,False,True,Slight away <1pt,Down 0-1,False,False,False,False,False
13,Kansas City Chiefs,Dallas Cowboys,Dallas Cowboys,-4.0,-3.357142857142857,0.6428571428571428,-0.6428571428571428,51.5,53.42857142857143,1.9285714285714306,0.009909897638730625,0.615,0.625,0.010000000000000009,False,False,True,Slight home <1pt,Up >1 (sharp over),False,False,False,False,False
13,Cincinnati Bengals,Baltimore Ravens,Cincinnati Bengals,10.5,7.5,-3.0,3.0,50.0,52.357142857142854,2.357142857142854,-1.7571428571428571,0.265,0.26,-0.0050000000000000044,True,False,False,Sharp away >3pt,Up >1 (sharp over),False,False,False,False,True
13,Chicago Bears,Philadelphia Eagles,Chicago Bears,7.0,7.214285714285714,0.2142857142857144,-0.2142857142857144,45.0,43.357142857142854,-1.642857142857146,0.040000000000000036,0.26,0.255,-0.0050000000000000044,True,False,False,Slight home <1pt,Down >1 (sharp under),False,False,False,False,False
13,Atlanta Falcons,New York Jets,New York Jets,-1.5,-3.142857142857143,-1.6428571428571428,1.6428571428571428,39.0,38.214285714285715,-0.7857142857142847,-0.16946339173708092,0.56,0.575,0.014999999999999902,False,False,True,Sharp away 1-3pt,Down 0-1,False,False,False,False,False
13,Arizona Cardinals,Tampa Bay Buccaneers,Tampa Bay Buccaneers,6.0,4.5,-1.5,1.5,49.5,45.857142857142854,-3.642857142857146,-0.39285714285714324,0.42,0.36,-0.06,True,False,False,Sharp away 1-3pt,Down >1 (sharp under),False,False,True,False,True
13,Houston Texans,Indianapolis Colts,Houston Texans,3.5,3.4285714285714284,-0.07142857142857162,0.07142857142857162,46.5,44.5,-2.0,-0.265714285714286,0.325,0.375,0.04999999999999999,True,False,False,Slight away <1pt,Down >1 (sharp under),False,False,False,False,False
13,Jacksonville Jaguars,Tennessee Titans,Jacksonville Jaguars,-7.0,-5.928571428571429,1.0714285714285712,-1.0714285714285712,42.5,42.5,0.0,0.05031164161233326,0.75,0.735,-0.015000000000000013,True,False,False,Sharp home 1-3pt,Down 0-1,False,False,False,True,False
13,New Orleans Saints,Miami Dolphins,Miami Dolphins,4.5,5.428571428571429,0.9285714285714288,-0.9285714285714288,43.0,41.57142857142857,-1.4285714285714306,0.37571428571428633,0.28,0.305,0.024999999999999967,True,False,False,Slight home <1pt,Down >1 (sharp under),False,False,False,False,False
13,Los Angeles Rams,Carolina Panthers,Carolina Panthers,-9.5,-9.785714285714286,-0.2857142857142865,0.2857142857142865,45.5,44.642857142857146,-0.8571428571428541,-0.01699681744233894,0.48,0.72,0.24,False,False,True,Slight away <1pt,Down 0-1,False,False,False,False,False
13,San Francisco 49ers,Cleveland Browns,San Francisco 49ers,-7.0,-5.142857142857143,1.8571428571428568,-1.8571428571428568,42.5,35.0,-7.5,0.0665010729797022,0.635,0.685,0.050000000000000044,True,False,False,Sharp home 1-3pt,,False,False,True,True,False
13,Minnesota Vikings,Seattle Seahawks,Seattle Seahawks,11.5,12.357142857142858,0.8571428571428577,-0.8571428571428577,44.0,41.142857142857146,-2.857142857142854,2.2857142857142856,0.18,0.135,-0.044999999999999984,False,False,False,Slight home <1pt,Down >1 (sharp under),False,False,False,False,False
13,Buffalo Bills,Pittsburgh Steelers,Buffalo Bills,-3.5,-3.142857142857143,0.3571428571428572,-0.3571428571428572,47.0,44.5,-2.5,0.0650383334517779,0.65,0.625,-0.025000000000000022,True,False,False,Slight home <1pt,Down >1 (sharp under),False,False,False,False,False
13,Las Vegas Raiders,Los Angeles Chargers,Los Angeles Chargers,8.5,9.928571428571429,1.4285714285714288,-1.4285714285714288,42.5,40.5,-2.0,0.5428571428571427,0.185,0.185,0.0,False,False,True,Sharp home 1-3pt,Down >1 (sharp under),False,False,False,False,False
13,Denver Broncos,Washington Commanders,Denver Broncos,-6.5,-6.142857142857143,0.35714285714285676,-0.35714285714285676,43.5,43.42857142857143,-0.0714285714285694,0.0011970227829096736,0.735,0.705,-0.030000000000000027,False,False,True,Slight home <1pt,Down 0-1,False,False,False,False,False
13,New York Giants,New England Patriots,New England Patriots,7.5,7.285714285714286,-0.2142857142857144,0.2142857142857144,46.5,46.5,0.0,0.0,0.23,0.24,0.009999999999999981,False,False,True,Slight away <1pt,Down 0-1,False,False,False,False,False
14,Dallas Cowboys,Detroit Lions,Detroit Lions,5.5,3.5,-2.0,2.0,54.5,55.5,1.0,-0.5314285714285716,0.265,0.405,0.14,False,False,True,Sharp away 1-3pt,Up 0-1,True,False,False,False,True
14,Chicago Bears,Green Bay Packers,Green Bay Packers,6.5,6.928571428571429,0.4285714285714288,-0.4285714285714288,43.5,43.92857142857143,0.4285714285714306,0.050000000000000266,0.32,0.265,-0.05499999999999999,False,False,True,Slight home <1pt,Up 0-1,False,False,False,False,False
14,Indianapolis Colts,Jacksonville Jaguars,Jacksonville Jaguars,-3.0,-1.9285714285714286,1.0714285714285714,-1.0714285714285714,48.5,45.42857142857143,-3.0714285714285694,0.06879263775815514,0.5,0.545,0.04500000000000004,False,False,True,Sharp home 1-3pt,Down >1 (sharp under),False,False,False,True,False
14,Miami Dolphins,New York Jets,Miami Dolphins,-3.0,-2.5,0.5,-0.5,42.0,41.5,-0.5,0.01161953870895327,0.68,0.575,-0.1050000000000001,True,False,True,Slight home <1pt,Down 0-1,False,False,False,False,False
14,New Orleans Saints,Tampa Bay Buccaneers,New Orleans Saints,7.5,8.928571428571429,1.4285714285714288,-1.4285714285714288,43.0,41.5,-1.5,0.04285714285714359,0.32,0.205,-0.11500000000000002,True,False,True,Sharp home 1-3pt,Down >1 (sharp under),False,True,False,False,False
14,Tennessee Titans,Cleveland Browns,Tennessee Titans,3.5,3.642857142857143,0.1428571428571428,-0.1428571428571428,34.5,33.642857142857146,-0.8571428571428541,0.07285714285714251,0.32,0.355,0.034999999999999976,True,False,True,Slight home <1pt,Down 0-1,False,False,False,False,False
14,Pittsburgh Steelers,Baltimore Ravens,Pittsburgh Steelers,6.5,5.785714285714286,-0.7142857142857144,0.7142857142857144,47.5,43.57142857142857,-3.9285714285714306,-0.34571428571428564,0.5,0.295,-0.20500000000000002,True,False,True,Slight away <1pt,Down >1 (sharp under),False,False,False,False,False
14,Seattle Seahawks,Atlanta Falcons,Seattle Seahawks,-7.5,-7.571428571428571,-0.07142857142857117,0.07142857142857117,44.0,44.5,0.5,0.07553948399018795,0.5,0.755,0.255,True,False,True,Slight away <1pt,Up 0-1,False,False,False,False,False
14,Washington Commanders,Minnesota Vikings,Minnesota Vikings,3.0,-0.21428571428571427,-3.2142857142857144,3.2142857142857144,42.5,43.642857142857146,1.142857142857146,-0.013302652663384151,0.495,0.53,0.03500000000000003,False,False,False,Sharp away >3pt,Up >1 (sharp over),False,False,False,False,True
14,Denver Broncos,Las Vegas Raiders,Denver Broncos,-8.0,-9.357142857142858,-1.3571428571428577,1.3571428571428577,39.5,40.5,1.0,0.0026569522033417226,0.68,0.785,0.10499999999999998,False,False,True,Sharp away 1-3pt,Up 0-1,True,False,False,False,False
14,Cincinnati Bengals,Buffalo Bills,Buffalo Bills,7.0,-1.1428571428571428,-8.142857142857142,8.142857142857142,53.5,54.5,1.0,-0.8928571428571428,0.51,0.425,-0.08500000000000002,True,False,True,Sharp away >3pt,Up 0-1,False,False,True,False,True
14,Los Angeles Rams,Arizona Cardinals,Los Angeles Rams,-8.5,-9.857142857142858,-1.3571428571428577,1.3571428571428577,47.5,49.07142857142857,1.5714285714285694,-0.0016664386446372248,0.5,0.79,0.29000000000000004,True,False,True,Sharp away 1-3pt,Up >1 (sharp over),True,False,False,False,False
14,Houston Texans,Kansas City Chiefs,Houston Texans,5.5,4.357142857142857,-1.1428571428571432,1.1428571428571432,42.5,41.5,-1.0,-0.19571428571428529,0.63,0.365,-0.265,True,False,False,Sharp away 1-3pt,Down >1 (sharp under),False,False,True,False,True
14,Philadelphia Eagles,Los Angeles Chargers,Los Angeles Chargers,-2.5,-1.5,1.0,-1.0,44.0,41.92857142857143,-2.0714285714285694,0.18250297152286854,0.51,0.535,0.025000000000000022,False,False,False,Slight home <1pt,Down >1 (sharp under),False,False,False,False,False
15,Atlanta Falcons,Tampa Bay Buccaneers,Atlanta Falcons,5.5,6.357142857142857,0.8571428571428568,-0.8571428571428568,44.0,43.5,-0.5,0.3285714285714292,0.5,0.325,-0.175,True,False,True,Slight home <1pt,Down 0-1,False,False,False,False,False
15,Buffalo Bills,New England Patriots,Buffalo Bills,-1.5,-2.5714285714285716,-1.0714285714285716,1.0714285714285716,48.5,49.57142857142857,1.0714285714285694,-0.19484515960077364,0.52,0.45,-0.07,True,False,True,Sharp away 1-3pt,Up >1 (sharp over),False,False,True,False,False
15,Cleveland Browns,Chicago Bears,Chicago Bears,7.5,8.142857142857142,0.6428571428571423,-0.6428571428571423,39.5,38.214285714285715,-1.2857142857142847,-0.18571428571428594,0.485,0.37,-0.11499999999999999,False,False,False,Slight home <1pt,Down >1 (sharp under),False,False,False,False,False
15,Arizona Cardinals,Houston Texans,Houston Texans,9.5,10.928571428571429,1.4285714285714288,-1.4285714285714288,43.5,42.142857142857146,-1.357142857142854,1.4285714285714275,0.5,0.185,-0.315,False,False,True,Sharp home 1-3pt,Down >1 (sharp under),False,True,False,False,False
15,New York Jets,Jacksonville Jaguars,Jacksonville Jaguars,13.5,15.928571428571429,2.428571428571429,-2.428571428571429,40.5,40.42857142857143,-0.0714285714285694,2.192857142857143,0.49,0.505,0.015000000000000013,False,False,True,Sharp home 1-3pt,Down 0-1,False,False,False,False,False
15,Las Vegas Raiders,Philadelphia Eagles,Philadelphia Eagles,12.5,14.857142857142858,2.3571428571428577,-2.3571428571428577,39.5,37.0,-2.5,0.12142857142857189,0.485,0.515,0.030000000000000027,False,False,False,Sharp home 1-3pt,Down >1 (sharp under),False,False,False,False,False
15,Baltimore Ravens,Cincinnati Bengals,Baltimore Ravens,-2.5,-3.2857142857142856,-0.7857142857142856,0.7857142857142856,51.5,51.5,0.0,-0.06183152517338364,0.5,0.585,0.08499999999999996,True,False,False,Slight away <1pt,Down 0-1,False,False,False,False,False
15,Los Angeles Chargers,Kansas City Chiefs,Los Angeles Chargers,5.5,5.785714285714286,0.2857142857142856,-0.2857142857142856,41.5,41.5,0.0,0.3285714285714283,0.49,0.425,-0.065,True,False,False,Slight home <1pt,Down 0-1,False,False,False,False,False
15,Washington Commanders,New York Giants,Washington Commanders,-1.5,-1.2857142857142858,0.2142857142857142,-0.2142857142857142,47.5,45.785714285714285,-1.7142857142857153,0.22918367346938773,0.505,0.42,-0.08500000000000002,True,False,True,Slight home <1pt,Down >1 (sharp under),False,False,False,False,False
15,Carolina Panthers,New Orleans Saints,New Orleans Saints,-2.5,-2.5714285714285716,-0.07142857142857162,0.07142857142857162,39.5,41.42857142857143,1.9285714285714306,0.03658114907187082,0.49,0.53,0.040000000000000036,False,False,False,Slight away <1pt,Up >1 (sharp over),False,False,False,False,False
15,Indianapolis Colts,Seattle Seahawks,Seattle Seahawks,4.0,12.642857142857142,8.642857142857142,-8.642857142857142,46.5,41.57142857142857,-4.928571428571431,3.4428571428571426,0.52,0.5,-0.020000000000000018,True,False,False,Sharp home >3pt,Down >1 (sharp under),False,False,False,False,False
15,Detroit Lions,Los Angeles Rams,Los Angeles Rams,6.0,5.071428571428571,-0.9285714285714288,0.9285714285714288,50.5,54.5,4.0,0.2642857142857147,0.52,0.36,-0.16000000000000003,False,False,True,Slight away <1pt,Up >1 (sharp over),False,False,False,False,False
15,Green Bay Packers,Denver Broncos,Denver Broncos,-1.5,-1.4285714285714286,0.0714285714285714,-0.0714285714285714,42.5,42.5,0.0,0.007585692683104384,0.49,0.52,0.030000000000000027,False,False,True,Slight home <1pt,Down 0-1,False,False,False,False,False
15,Tennessee Titans,San Francisco 49ers,San Francisco 49ers,12.5,13.357142857142858,0.8571428571428577,-0.8571428571428577,44.0,44.5,0.5,0.07000000000000028,0.475,0.5,0.025000000000000022,False,False,True,Slight home <1pt,Up 0-1,False,False,False,False,False
15,Minnesota Vikings,Dallas Cowboys,Minnesota Vikings,5.5,-0.8571428571428571,-6.357142857142857,6.357142857142857,47.5,47.5,0.0,0.06428571428571361,0.485,0.425,-0.06,True,False,True,Sharp away >3pt,Down 0-1,False,False,True,False,True
15,Miami Dolphins,Pittsburgh Steelers,Pittsburgh Steelers,3.0,3.5714285714285716,0.5714285714285716,-0.5714285714285716,42.5,43.5,1.0,0.14428571428571413,0.52,0.4,-0.12,False,False,True,Slight home <1pt,Up 0-1,False,False,False,False,False
16,Los Angeles Rams,Seattle Seahawks,Seattle Seahawks,-1.0,-0.14285714285714285,0.8571428571428572,-0.8571428571428572,47.5,42.214285714285715,-5.285714285714285,0.13792207792207778,0.595,0.505,-0.08999999999999997,False,False,True,Slight home <1pt,Down >1 (sharp under),False,False,False,False,False
16,Green Bay Packers,Chicago Bears,Chicago Bears,-3.0,-0.42857142857142855,2.5714285714285716,-2.5714285714285716,46.5,44.642857142857146,-1.857142857142854,0.30622248899559823,0.505,0.475,-0.030000000000000027,False,False,False,Sharp home 1-3pt,Down >1 (sharp under),False,False,False,True,False
16,Philadelphia Eagles,Washington Commanders,Philadelphia Eagles,-5.5,-7.714285714285714,-2.2142857142857144,2.2142857142857144,45.5,43.57142857142857,-1.9285714285714306,-0.09184958733830917,0.51,0.665,0.15500000000000003,True,False,True,Sharp away 1-3pt,Down >1 (sharp under),True,False,False,False,False
16,Buffalo Bills,Cleveland Browns,Buffalo Bills,-10.5,-12.214285714285714,-1.7142857142857135,1.7142857142857135,41.5,41.214285714285715,-0.2857142857142847,-0.027570215520930308,0.5,0.73,0.22999999999999998,False,False,True,Sharp away 1-3pt,Down 0-1,True,False,False,False,False
16,Kansas City Chiefs,Tennessee Titans,Tennessee Titans,-11.5,-4.857142857142857,6.642857142857143,-6.642857142857143,41.5,37.57142857142857,-3.9285714285714306,0.38542623494743866,0.51,0.55,0.040000000000000036,False,False,False,Sharp home >3pt,Down >1 (sharp under),False,False,False,True,False
16,Minnesota Vikings,New York Giants,Minnesota Vikings,-2.5,-2.7857142857142856,-0.2857142857142856,0.2857142857142856,43.5,41.42857142857143,-2.0714285714285694,-0.12214452498351913,0.495,0.625,0.13,True,False,False,Slight away <1pt,Down >1 (sharp under),False,False,False,False,False
16,New England Patriots,Baltimore Ravens,New England Patriots,3.5,3.857142857142857,0.3571428571428572,-0.3571428571428572,48.0,47.857142857142854,-0.1428571428571459,0.367142857142857,0.5,0.405,-0.09499999999999997,True,False,True,Slight home <1pt,Down 0-1,False,False,False,False,False
16,New York Jets,New Orleans Saints,New Orleans Saints,6.5,6.214285714285714,-0.2857142857142856,0.2857142857142856,39.5,39.714285714285715,0.2142857142857153,0.7571428571428571,0.5,0.47,-0.030000000000000027,False,False,False,Slight away <1pt,Up 0-1,False,False,False,False,False
16,Los Angeles Chargers,Dallas Cowboys,Los Angeles Chargers,1.5,-0.07142857142857142,-1.5714285714285714,1.5714285714285714,48.5,50.642857142857146,2.142857142857146,-0.11280112044817914,0.495,0.48,-0.015000000000000013,True,False,True,Sharp away 1-3pt,Up >1 (sharp over),False,False,False,False,True
16,Tampa Bay Buccaneers,Carolina Panthers,Carolina Panthers,-3.0,-3.0,0.0,-0.0,45.5,45.07142857142857,-0.4285714285714306,-0.13015902109703315,0.43,0.59,0.15999999999999998,False,False,False,Slight away <1pt,Down 0-1,False,False,False,False,False
16,Atlanta Falcons,Arizona Cardinals,Atlanta Falcons,-1.0,-2.5,-1.5,1.5,45.5,48.357142857142854,2.857142857142854,-0.12928560815884804,0.58,0.585,0.0050000000000000044,True,False,False,Sharp away 1-3pt,Up >1 (sharp over),False,False,False,False,False
16,Jacksonville Jaguars,Denver Broncos,Jacksonville Jaguars,3.0,3.5,0.5,-0.5,43.5,46.642857142857146,3.142857142857146,0.2371428571428571,0.5,0.44,-0.06,True,False,True,Slight home <1pt,Up >1 (sharp over),False,False,False,False,False
16,Pittsburgh Steelers,Detroit Lions,Pittsburgh Steelers,6.5,7.642857142857143,1.1428571428571432,-1.1428571428571432,49.5,52.07142857142857,2.5714285714285694,0.7699999999999996,0.5,0.255,-0.245,True,False,True,Sharp home 1-3pt,Up >1 (sharp over),False,True,False,False,False
16,Las Vegas Raiders,Houston Texans,Houston Texans,14.5,17.785714285714285,3.2857142857142847,-3.2857142857142847,37.5,39.357142857142854,1.857142857142854,2.121428571428572,0.4,0.105,-0.29500000000000004,True,False,True,Sharp home >3pt,Up >1 (sharp over),False,True,False,False,False
16,Cincinnati Bengals,Miami Dolphins,Cincinnati Bengals,-1.5,-4.071428571428571,-2.571428571428571,2.571428571428571,50.5,48.142857142857146,-2.357142857142854,-0.26143526223251823,0.5,0.655,0.15500000000000003,True,False,True,Sharp away 1-3pt,Down >1 (sharp under),True,False,False,False,False
16,San Francisco 49ers,Indianapolis Colts,San Francisco 49ers,-6.0,-5.571428571428571,0.4285714285714288,-0.4285714285714288,45.5,47.92857142857143,2.4285714285714306,0.05402680513914149,0.5,0.63,0.13,True,False,True,Slight home <1pt,Up >1 (sharp over),False,False,False,False,False
17,Dallas Cowboys,Washington Commanders,Dallas Cowboys,-3.0,-9.714285714285714,-6.7142857142857135,6.7142857142857135,51.5,50.5,-1.0,-0.3810149798550795,0.58,0.745,0.16500000000000004,True,False,True,Sharp away >3pt,Down >1 (sharp under),True,False,False,False,False
17,Detroit Lions,Minnesota Vikings,Minnesota Vikings,-3.5,-7.785714285714286,-4.285714285714286,4.285714285714286,48.5,45.07142857142857,-3.4285714285714306,-0.2441254358547591,0.595,0.755,0.16000000000000003,False,False,False,Sharp away >3pt,Down >1 (sharp under),True,False,False,False,False
17,Denver Broncos,Kansas City Chiefs,Denver Broncos,-6.0,-16.357142857142858,-10.357142857142858,10.357142857142858,39.5,38.142857142857146,-1.357142857142854,-0.31602091057106296,0.475,0.885,0.41000000000000003,True,False,False,Sharp away >3pt,Down >1 (sharp under),True,False,False,False,False
17,Arizona Cardinals,Cincinnati Bengals,Cincinnati Bengals,5.5,-5.0,-10.5,10.5,51.5,51.92857142857143,0.4285714285714306,0.8099999999999992,0.395,0.255,-0.14,False,False,False,Sharp away >3pt,Up 0-1,False,False,True,False,True
17,Houston Texans,Los Angeles Chargers,Houston Texans,1.5,-0.07142857142857142,-1.5714285714285714,1.5714285714285714,39.5,40.714285714285715,1.2142857142857153,0.16683473389355719,0.5,0.475,-0.025000000000000022,True,False,False,Sharp away 1-3pt,Up >1 (sharp over),False,False,False,False,True
17,Jacksonville Jaguars,Indianapolis Colts,Jacksonville Jaguars,-5.5,-4.857142857142857,0.6428571428571432,-0.6428571428571432,44.5,48.5,4.0,0.04447469548131222,0.52,0.705,0.18499999999999994,True,False,False,Slight home <1pt,Up >1 (sharp over),False,False,False,False,False
17,New Orleans Saints,Tennessee Titans,New Orleans Saints,-2.0,-0.7857142857142857,1.2142857142857144,-1.2142857142857144,38.5,39.07142857142857,0.5714285714285694,0.08045996963792978,0.525,0.575,0.04999999999999993,True,False,True,Sharp home 1-3pt,Up 0-1,False,False,False,True,False
17,New England Patriots,New York Jets,New England Patriots,-9.5,-15.142857142857142,-5.642857142857142,5.642857142857142,44.0,42.357142857142854,-1.642857142857146,-0.06311176187146672,0.715,0.885,0.17000000000000004,True,False,True,Sharp away >3pt,Down >1 (sharp under),True,False,False,False,False
17,New York Giants,Las Vegas Raiders,New York Giants,-3.0,-3.2857142857142856,-0.2857142857142856,0.2857142857142856,43.5,40.42857142857143,-3.0714285714285694,0.010904747718244012,0.5,0.575,0.07499999999999996,True,False,True,Slight away <1pt,Down >1 (sharp under),False,False,False,False,False
17,Pittsburgh Steelers,Cleveland Browns,Cleveland Browns,-4.0,-4.5,-0.5,0.5,35.5,34.785714285714285,-0.7142857142857153,-0.012249237813147573,0.55,0.625,0.07499999999999996,False,False,False,Slight away <1pt,Down 0-1,False,False,False,False,False
17,Baltimore Ravens,Green Bay Packers,Baltimore Ravens,3.0,0.21428571428571427,-2.7857142857142856,2.7857142857142856,46.5,37.714285714285715,-8.785714285714285,-0.18571428571428594,0.25,0.34,0.09000000000000002,True,False,True,Sharp away 1-3pt,,True,False,False,False,True
17,Seattle Seahawks,Carolina Panthers,Seattle Seahawks,-7.5,-7.071428571428571,0.4285714285714288,-0.4285714285714288,43.5,42.5,-1.0,0.07797237464113027,0.62,0.745,0.125,True,False,False,Slight home <1pt,Down >1 (sharp under),False,False,False,False,False
17,Tampa Bay Buccaneers,Miami Dolphins,Miami Dolphins,-5.5,-5.785714285714286,-0.2857142857142856,0.2857142857142856,47.0,44.0,-3.0,-0.012489659652296758,0.51,0.695,0.18499999999999994,False,False,False,Slight away <1pt,Down >1 (sharp under),False,False,False,False,False
17,Philadelphia Eagles,Buffalo Bills,Philadelphia Eagles,3.0,3.4285714285714284,0.4285714285714284,-0.4285714285714284,45.5,45.214285714285715,-0.2857142857142847,0.10571428571428543,0.43,0.47,0.03999999999999998,True,False,False,Slight home <1pt,Down 0-1,False,False,False,False,False
17,Chicago Bears,San Francisco 49ers,San Francisco 49ers,3.0,4.285714285714286,1.2857142857142856,-1.2857142857142856,50.5,51.5,1.0,0.49428571428571466,0.445,0.385,-0.06,False,False,True,Sharp home 1-3pt,Up 0-1,False,True,False,False,False
17,Los Angeles Rams,Atlanta Falcons,Atlanta Falcons,-8.5,-7.857142857142857,0.6428571428571432,-0.6428571428571432,48.5,48.92857142857143,0.4285714285714306,0.06531966983094795,0.63,0.785,0.15500000000000003,False,False,True,Slight home <1pt,Up 0-1,False,False,False,False,False
18,Carolina Panthers,Tampa Bay Buccaneers,Tampa Bay Buccaneers,3.5,3.2857142857142856,-0.2142857142857144,0.2142857142857144,43.5,42.5,-1.0,-0.25142857142857133,,0.425,,True,False,False,Slight away <1pt,Down >1 (sharp under),False,False,False,False,False
18,Cleveland Browns,Cincinnati Bengals,Cleveland Browns,7.0,9.0,2.0,-2.0,43.5,47.142857142857146,3.642857142857146,0.8214285714285712,0.445,0.235,-0.21000000000000002,True,False,False,Sharp home 1-3pt,Up >1 (sharp over),False,True,False,False,False
18,Indianapolis Colts,Houston Texans,Houston Texans,10.5,9.785714285714286,-0.7142857142857135,0.7142857142857135,39.5,37.57142857142857,-1.9285714285714306,-0.4642857142857144,0.375,0.185,-0.19,True,False,True,Slight away <1pt,Down >1 (sharp under),False,False,False,False,False
18,Arizona Cardinals,Los Angeles Rams,Los Angeles Rams,9.5,15.928571428571429,6.428571428571429,-6.428571428571429,47.5,49.142857142857146,1.642857142857146,2.5999999999999996,0.31,0.215,-0.095,False,False,True,Sharp home >3pt,Up >1 (sharp over),False,True,False,False,False
18,Dallas Cowboys,New York Giants,New York Giants,-5.5,-3.5714285714285716,1.9285714285714284,-1.9285714285714284,52.5,50.285714285714285,-2.2142857142857153,0.1804984503626912,0.62,0.635,0.015000000000000013,False,False,False,Sharp home 1-3pt,Down >1 (sharp under),False,False,False,True,False
18,Detroit Lions,Chicago Bears,Detroit Lions,1.5,-0.35714285714285715,-1.8571428571428572,1.8571428571428572,49.5,51.285714285714285,1.7857142857142847,0.3857142857142861,0.42,0.395,-0.024999999999999967,True,False,False,Sharp away 1-3pt,Up >1 (sharp over),False,False,False,False,True
18,Green Bay Packers,Minnesota Vikings,Minnesota Vikings,7.0,12.285714285714286,5.2857142857142865,-5.2857142857142865,37.5,37.0,-0.5,1.907142857142857,0.6,0.205,-0.395,False,False,False,Sharp home >3pt,Down 0-1,False,True,False,False,False
18,Kansas City Chiefs,Las Vegas Raiders,Las Vegas Raiders,-4.5,-4.071428571428571,0.4285714285714288,-0.4285714285714288,35.5,35.57142857142857,0.0714285714285694,0.02195451938704962,0.545,0.705,0.15999999999999992,False,False,False,Slight home <1pt,Up 0-1,False,False,False,False,False
18,Miami Dolphins,New England Patriots,New England Patriots,9.5,15.071428571428571,5.571428571428571,-5.571428571428571,46.5,44.357142857142854,-2.142857142857146,2.942857142857143,0.285,0.16,-0.12499999999999997,False,False,True,Sharp home >3pt,Down >1 (sharp under),False,True,False,False,False
18,New Orleans Saints,Atlanta Falcons,Atlanta Falcons,2.5,3.7142857142857144,1.2142857142857144,-1.2142857142857144,43.5,43.5,0.0,0.4385714285714286,0.455,0.365,-0.09000000000000002,True,False,False,Sharp home 1-3pt,Down 0-1,False,True,False,False,False
18,New York Jets,Buffalo Bills,Buffalo Bills,13.0,13.071428571428571,0.07142857142857117,-0.07142857142857117,41.5,39.285714285714285,-2.2142857142857153,-0.12857142857142811,0.285,0.215,-0.06999999999999998,False,False,True,Slight home <1pt,Down >1 (sharp under),False,False,False,False,False
18,Tennessee Titans,Jacksonville Jaguars,Jacksonville Jaguars,10.5,13.071428571428571,2.571428571428571,-2.571428571428571,44.5,46.357142857142854,1.857142857142854,0.3857142857142861,0.255,0.145,-0.11000000000000001,False,False,True,Sharp home 1-3pt,Up >1 (sharp over),False,True,False,False,False
18,Baltimore Ravens,Pittsburgh Steelers,Pittsburgh Steelers,-3.0,-5.0,-2.0,2.0,43.0,41.857142857142854,-1.142857142857146,-0.1648555271177885,0.49,0.655,0.16500000000000004,False,False,True,Sharp away 1-3pt,Down >1 (sharp under),True,False,False,False,False
18,Los Angeles Chargers,Denver Broncos,Denver Broncos,7.5,15.5,8.0,-8.0,39.0,37.714285714285715,-1.2857142857142847,4.857142857142858,0.405,0.125,-0.28,False,False,False,Sharp home >3pt,Down >1 (sharp under),False,True,False,False,False
18,Seattle Seahawks,San Francisco 49ers,Seattle Seahawks,-1.0,-2.7857142857142856,-1.7857142857142856,1.7857142857142856,48.5,48.5,0.0,-0.29810299718663513,,0.535,,True,False,False,Sharp away 1-3pt,Down 0-1,False,False,False,False,False
18,Washington Commanders,Philadelphia Eagles,Washington Commanders,9.5,4.357142857142857,-5.142857142857143,5.142857142857143,38.5,38.642857142857146,0.1428571428571459,-1.5057142857142858,0.325,0.345,0.019999999999999962,True,False,True,Sharp away >3pt,Up 0-1,False,False,False,False,True
WC,Los Angeles Rams,Carolina Panthers,Los Angeles Rams,-10.0,-12.714285714285714,-2.7142857142857135,2.7142857142857135,46.5,45.642857142857146,-0.8571428571428541,-0.0323179522252699,0.825,0.825,0.0,False,False,True,Sharp away 1-3pt,Down 0-1,False,False,False,False,False
WC,Green Bay Packers,Chicago Bears,Chicago Bears,-1.0,-4.357142857142857,-3.3571428571428568,3.3571428571428568,46.5,46.785714285714285,0.2857142857142847,-0.28223079719262945,0.495,0.535,0.040000000000000036,False,False,True,Sharp away >3pt,Up 0-1,False,False,False,False,False
WC,Buffalo Bills,Jacksonville Jaguars,Buffalo Bills,-1.0,-0.21428571428571427,0.7857142857142857,-0.7857142857142857,51.5,51.42857142857143,-0.0714285714285694,0.17322981366459622,0.525,0.485,-0.040000000000000036,True,False,False,Slight home <1pt,Down 0-1,False,False,False,False,False
WC,San Francisco 49ers,Philadelphia Eagles,San Francisco 49ers,4.0,4.857142857142857,0.8571428571428568,-0.8571428571428568,46.5,44.5,-2.0,0.24714285714285733,0.325,0.305,-0.020000000000000018,True,False,False,Slight home <1pt,Down >1 (sharp under),False,False,False,False,False
WC,Los Angeles Chargers,New England Patriots,New England Patriots,3.5,3.5,0.0,-0.0,46.5,45.5,-1.0,-0.009999999999999787,0.35,0.355,0.0050000000000000044,False,False,False,Slight away <1pt,Down >1 (sharp under),False,False,False,False,False
WC,Houston Texans,Pittsburgh Steelers,Houston Texans,-2.5,-3.0,-0.5,0.5,39.5,38.42857142857143,-1.0714285714285694,0.0868736737585456,0.625,0.595,-0.030000000000000027,True,False,False,Slight away <1pt,Down >1 (sharp under),False,False,False,False,False
DIV,Buffalo Bills,Denver Broncos,Denver Broncos,-1.5,1.5,3.0,-3.0,47.0,45.357142857142854,-1.642857142857146,0.21380952380952412,0.495,0.475,-0.020000000000000018,False,False,True,Sharp home 1-3pt,Down >1 (sharp under),False,False,False,True,False
DIV,San Francisco 49ers,Seattle Seahawks,Seattle Seahawks,7.0,7.0,0.0,-0.0,45.5,44.214285714285715,-1.2857142857142847,-0.24285714285714244,0.245,0.255,0.010000000000000009,False,False,True,Slight away <1pt,Down >1 (sharp under),False,False,False,False,False
DIV,Houston Texans,New England Patriots,New England Patriots,2.5,3.5,1.0,-1.0,41.5,41.07142857142857,-0.4285714285714306,0.21428571428571397,0.385,0.375,-0.010000000000000009,False,False,True,Slight home <1pt,Down 0-1,False,False,False,False,False
DIV,Los Angeles Rams,Chicago Bears,Los Angeles Rams,-4.5,-3.7142857142857144,0.7857142857142856,-0.7857142857142856,50.5,49.285714285714285,-1.2142857142857153,-0.009053011448481696,0.645,0.645,0.0,False,False,False,Slight home <1pt,Down >1 (sharp under),False,False,False,False,False
CC,New England Patriots,Denver Broncos,New England Patriots,-4.5,-3.5,1.0,-1.0,40.5,43.07142857142857,2.5714285714285694,0.08986952198814624,0.685,0.675,-0.010000000000000009,False,False,False,Slight home <1pt,Up >1 (sharp over),False,False,False,False,False
CC,Los Angeles Rams,Seattle Seahawks,Seattle Seahawks,2.5,2.5,0.0,-0.0,47.5,46.0,-1.5,-0.1557142857142857,0.425,0.445,0.020000000000000018,False,False,True,Slight away <1pt,Down >1 (sharp under),False,False,False,False,False
SB,Seattle Seahawks,New England Patriots,Seattle Seahawks,-4.5,-4.5,0.0,-0.0,46.0,45.42857142857143,-0.5714285714285694,-0.008933527157393817,0.675,0.675,0.0,True,False,False,Slight away <1pt,Down 0-1,False,False,False,False,False
